1,Brenna Wyatt,582-600-3520,brenna78wyatt@gmail.com,4
2,Luca Maron,405-535-6177,luca3Maron@gmail.com,1
3,Yasmine Haynes,505-644-6305,yasminehaynes@gmail.com,7
4,Wayne Mcclure,203-485-6173,wayne23mcclure@gmail.com,2
5,Karen Erickson,582-442-8003,karen90erickson@gmail.com,4
6,Zachery Morse,309-434-9885,zachery34morse@gmail.com,2
7,Makhi Navarro,606-772-8434,makhi6navarro@gmail.com,4
8,Desmond Benton,334-288-7290,desmon67benton@gmail.com,6
9,Nelson Miranda,216-724-6448,nelson8miranda@gmail.com,5
10,Sage Burke,218-866-9820,sage09burke@gmail.com,3
11,Shannon Compton,210-647-2630,shannoncompton@gmail.com,6
12,Shaylee Oliver,582-482-3252,shaylee0liver@gmail.com,5
13,Skylar Dorsey,505-644-4880,sylar111dorsey@gmail.com,3
14,Ben Gregory,325-423-4883,ben0gregory@gmail.com,6
15,Lorelei Vincent,214-676-3590,lorelei3vincent@gmail.com,4
16,Zaniyah Rasmussen,505-721-2899,zaniyah78ram@gmail.com,3
17,Cadence Russell,341-886-6189,cadenceruss@gmail.com,1
18,Keenan Webb,415-621-9816,webbkeenan2@gmail.com,4
19,Deandre Montgomery,582-222-9496,deandre12montgomery@gmail.com,2
20,Blake Dudley,505-306-9190,blakedud@gmail.com,6
21,Kathy Ellison,215-431-9517,kathy45ellison@gmail.com,2
22,Alisha Pratt,205-794-5783,alisha89Pratt@gmail.com,5
23,Colby Howe,206-623-1145,colby123howe@gmail.com,3
24,Mattie Bender,305-780-2387,mattoe9bender@gmail.com,7
25,Zara Mills,425-384-2503,zaramills@gmail.com,4